<?xml version="1.0" encoding="utf-8" standalone="no"?>
<manifest identifier="00" version="1" xmlns:adlcp="http://www.adlnet.org/xsd/adlcp_rootv1p2" xmlns="http://www.imsproject.org/xsd/imscp_rootv1p1p2" xmlns:xsi="http://www.w3.org/2001/XMLSchema-instance" xsi:schemaLocation="http://www.imsproject.org/xsd/imscp_rootv1p1p2 imscp_rootv1p1p2.xsd http://www.imsglobal.org/xsd/imsmd_rootv1p2p1 imsmd_rootv1p2p1.xsd http://www.adlnet.org/xsd/adlcp_rootv1p2 adlcp_rootv1p2.xsd">
  <metadata>
    <schema>ADL SCORM</schema>
    <schemaversion>1.2</schemaversion>
    <adlcp:location>metadata.xml</adlcp:location>
  </metadata>
  <organizations default="Cristina_Diana_Ene">
    <organization identifier="Cristina_Diana_Ene">
      <title>Consignes de classe</title>
      <item identifier="item_00" identifierref="resource_00">
        <title>Consignes de classe</title>
        <adlcp:masteryscore>70</adlcp:masteryscore>
        <metadata>
          <schema>ADL SCORM</schema>
          <schemaversion>1.2</schemaversion>
          <adlcp:location>metadata.xml</adlcp:location>
        </metadata>
      </item>
      <metadata>
        <schema>ADL SCORM</schema>
        <schemaversion>1.2</schemaversion>
        <adlcp:location>metadata.xml</adlcp:location>
      </metadata>
    </organization>
  </organizations>
  <resources>
    <metadata>
      <schema>ADL SCORM</schema>
      <schemaversion>1.2</schemaversion>
      <adlcp:location>metadata.xml</adlcp:location>
    </metadata>
    <resource identifier="resource_00" type="webcontent" href="index.html" adlcp:scormtype="sco">
      <metadata>
        <schema>ADL SCORM</schema>
        <schemaversion>1.2</schemaversion>
        <adlcp:location>metadata.xml</adlcp:location>
      </metadata>
      <file href="SCORM_API_wrapper.js"/>
      <file href="h5p-adaptor.js"/>
      <file href="images/file-2jg22HEK.png"/>
      <file href="images/file-9HbYL9CIBVX_OuZA-dNYtw6YY.png"/>
      <file href="images/file-EUTGKg3J.png"/>
      <file href="images/file-GiHPgMLX.png"/>
      <file href="images/file-IlPxpr96N-JtqIl_-3o32Xv0K.png"/>
      <file href="images/file-U1B-4flRaRnhNVVv-FDeJtbyl.png"/>
      <file href="images/file-V_NlxxMNPPhix6TX-rE7asH8o.png"/>
      <file href="images/file-f_X91TpWuMuAN7kK-kGIrPpmg.png"/>
      <file href="images/file-p-Ch4lxYj8wzvKH--e6bAI89i.png"/>
      <file href="images/file-tFjpee9T.png"/>
      <file href="index.html"/>
    </resource>
  </resources>
</manifest>